"path","types","examples"
"_deleted","boolean","true"
"_id","string","-Account_1795368d-66f3-4d3a-a2f1-adb829bdac6a | -Account_55fcf2f6-792d-4ecb-9289-2bd7dac457f2 | -Account_0a0149c0-77ff-48ea-9eac-c2e9eabf90da | -Account_d257e69d-6afe-4bab-9ae7-8e69525e2249 | -Account_3c7ecb2c-e888-41bf-9c09-8a8eb6887be6"
"_rev","string","14-f3d62ca76a1bfb1d3481b1200e0a0f7b | 6-ada7ab3dd33d8f9a676d0b8acb9cd2b7 | 10-3b9ec10e59b2d8eedc7b8f80f46c13f4 | 17-7cc19f5e6956054fcc0020fb2c128a0c | 9-68562b80cd7cf9ea1671abb75d793fb2"
"accountType","number","<redacted>"
"allowToCreateTransactions","boolean","true"
"archived","boolean","false"
"color","string","#2e7d32 | #AD1457 | #212121 | #0097a7 | #00897b"
"currency","object",""
"currency._id","string","-Currency_8b73f838-a7a2-4de8-9688-32684c32bdcd"
"currency._rev","string","1-2995ccfffc173fa3efee1bfff206a58b"
"currency.code","string","EUR"
"currency.ratioToReferential","number","1"
"currency.referential","boolean","true"
"currency.reservedCreatedAt","string","2026-06-18T09:28:24.419Z"
"currency.reservedModelType","string","Currency"
"currency.reservedSource","string","web"
"currency.reservedUpdatedAt","string","2026-06-18T09:28:24.419Z"
"currencyId","string","-Currency_8b73f838-a7a2-4de8-9688-32684c32bdcd | -Currency_710ee255-bc2a-409e-81ec-969af508a620"
"deletedAt","string","2026-06-18T10:16:42.770Z | 2026-06-18T10:16:59.284Z | 2026-06-18T10:17:19.135Z | 2026-06-18T10:29:54.729Z | 2026-06-18T10:30:31.917Z"
"excludeFromStats","boolean","false"
"gps","boolean","false"
"initAmount","number","1356922 | 0"
"initRefAmount","number","1356922 | 0"
"locked","boolean","false"
"name","string","Revolut IE52REVO99036056949858-EUR | Revolut IE52REVO99036056949858-ZAR | Revolut IE96REVO99036036790914-EUR | Revolut IE59REVO99036047484278-EUR | Cash"
"notifications","object",""
"notifications.maxBalanceEnabled","boolean","false"
"notifications.minBalance","number","0"
"notifications.minBalanceEnabled","boolean","true"
"position","number","2000 | 3000 | 4000 | 6000 | 1000"
"reservedCreatedAt","string","2026-06-18T09:42:49.017+00:00 | 2026-06-18T09:59:21.356+00:00 | 2026-06-18T10:19:30.109+00:00 | 2026-06-18T10:33:32.014+00:00 | 2026-06-18T09:28:24.492Z"
"reservedDeletedSource","string","web"
"reservedIntegrationConnection","object",""
"reservedIntegrationConnection.bankBalance","number","36137 | 2930 | 345051 | 2547687"
"reservedIntegrationConnection.consent","object",""
"reservedIntegrationConnection.consent.granted","boolean","true"
"reservedIntegrationConnection.consent.validUntil","string","2026-12-20T09:27:49.053+00:00 | 2026-12-20T09:27:49.332+00:00"
"reservedIntegrationConnection.createdAt","string","2026-06-18T10:33:32.136+00:00 | 2026-06-18T10:33:24.023+00:00"
"reservedIntegrationConnection.integrationSource","string","saltedge_partners"
"reservedIntegrationConnection.isActive","boolean","true"
"reservedIntegrationConnection.isAutomaticRefreshPossible","boolean","true"
"reservedIntegrationConnection.lastSuccessRefresh","string","2026-06-23T09:27:48.000+00:00 | 2026-06-23T09:27:49.000+00:00"
"reservedIntegrationConnection.nextRefreshPossible","string","2026-06-23T09:42:48.000+00:00 | 2026-06-23T09:42:49.000+00:00"
"reservedIntegrationConnection.providerCode","string","revolut_oauth_client_ie"
"reservedIntegrationConnection.providerCreditCardReverse","boolean","false"
"reservedIntegrationConnection.remoteProviderName","string","<redacted>"
"reservedModelType","string","Account"
"reservedSource","string","backend | web"
"reservedUpdatedAt","string","2026-06-18T10:16:55.482+00:00 | 2026-06-18T10:17:06.742+00:00 | 2026-06-18T10:17:31.004+00:00 | 2026-06-18T10:30:08.850+00:00 | 2026-06-18T10:30:39.844+00:00"
