"Path","Types","Examples"
"accountType","String","Cash || CurrentAccount"
"archived","Boolean","False"
"balance.balanceMode","String","standard"
"balance.currencyCode","String","EUR || ZAR"
"balance.currentBalance","Int64|Double","0 || 361.37000000001 || 29.3000000000029 || 3450.51 || 25476.87"
"balance.formula","String","initial + totalIncomes - totalExpenses"
"balance.initial","Int64|Double","0 || 13569.22"
"balance.rawCurrentBalance","Int64|Double","0 || 361.37000000001 || 29.3000000000029 || 3450.51 || 25476.87"
"bankAccountNumber","String","36790914 || 56949858 || 47484278"
"color","String","#26c6da || #6d4c41 || #AD1457 || #455A64 || #d32f2f"
"createdAt","DateTime","06/18/2026 09:28:24 || 06/18/2026 10:33:32 || 06/18/2026 10:33:23"
"excludeFromStats","Boolean","False"
"id","String","6ca6f169-97af-4b83-9920-50087fee14e7 || 3e8313a7-c581-4184-a6dc-0bd39ef72402 || 2b01e537-1052-4b73-8207-7570423e39f4 || 0cb2a46a-a6ba-45f9-b631-2812a6c7eff1 || 8d510777-2aa9-4505-bf51-4537c2abfd14"
"initialBalance.currencyCode","String","EUR || ZAR"
"initialBalance.value","Int64|Double","0 || 13569.22"
"isBankSync","Boolean","False || True"
"isInvestmentAccount","Boolean","False"
"name","String","Cash || Dorette - Revolut EUR || Guillaume - Revolut EUR || Guillaume - Revolut ZAR || Joint Savings EUR"
"recordStats.createdAt.max","DateTime","06/23/2026 09:27:50 || 06/23/2026 09:27:52 || 06/23/2026 09:27:54"
"recordStats.createdAt.min","DateTime","06/18/2026 10:33:32 || 06/18/2026 10:33:24 || 06/18/2026 10:33:45 || 06/18/2026 10:33:33"
"recordStats.lastUpdatedAt","DateTime","06/23/2026 10:09:25"
"recordStats.recordCount","Int64","0 || 277 || 463 || 10 || 2"
"recordStats.recordDate.max","DateTime","06/22/2026 13:49:50 || 06/23/2026 07:41:50 || 06/22/2026 09:13:12"
"recordStats.recordDate.min","DateTime","04/04/2026 06:46:06 || 03/20/2026 07:00:57 || 06/08/2026 12:33:54 || 06/18/2026 09:15:24"
"recordStats.totalExpenses","Int64|Double","0 || 85525.23 || 47192.43 || 15380.43"
"recordStats.totalIncomes","Int64|Double","0 || 85886.6 || 33652.51 || 18830.94 || 25476.87"
"updatedAt","DateTime","06/23/2026 09:15:52 || 06/23/2026 10:09:25"
